{
    "context": {
        "domain": "delivery",
        "country": "IND",
        "city": "std:080",
        "action": "on_select",
        "core_version": "0.9.2",
        "bap_id": "https://mock_bap.com/",
        "bap_uri": "https://mock_bap.com/beckn/",
        "bpp_id": "https://mock_bpp.com/",
        "bpp_uri": "https://mock_bpp.com/beckn/",
        "transaction_id": "1239890342",
        "message_id": "123793824",
        "timestamp": "2021-03-23T10:00:40.065Z"
    },
    "message": {
        "order": {
            "provider": {
                "id": "fast-logistics"
            },
            "items": [
                {
                    "id": "standard",
                    "price" : {
                        "currency": "INR",
                        "value": "40"
                    },
                    "quantity": {
                        "selected": {
                            "count": 1
                        }
                    }
                }
            ],
            "quote": {
                "price": {
                    "currency": "INR",
                    "value": "40"
                },
                "breakup": [
                    {
                        "title": "Standard Delivery",
                        "price": {
                            "currency": "INR",
                            "value": "40"
                        }
                    }
                ],
                "ttl": "P4D"
            }
        }
    }
}