{
    "context": {
        "domain": "delivery",
        "country": "IND",
        "city": "std:080",
        "action": "on_confirm",
        "core_version": "0.9.2",
        "bap_id": "https://mock_bap.com/",
        "bap_uri": "https://mock_bap.com/beckn/",
        "bpp_id": "https://mock_bpp.com/",
        "bpp_uri": "https://mock_bpp.com/beckn/",
        "transaction_id": "1239890342",
        "message_id": "123793824",
        "timestamp": "2021-03-23T10:00:40.065Z"
    },
    "message": {
        "order": {
            "id": "ORDER1",
            "state": "Searching for agents",
            "provider": {
                "id": "fast-logistics"
            },
            "items": [
                {
                    "id": "standard",
                    "quantity": {
                        "count": 1
                    }
                }
            ],
            "billing": {
                "name": "John Doe",
                "address": {
                    "door": "21A",
                    "name": "ABC Apartments",
                    "locality": "HSR Layout",
                    "city": "Bengaluru",
                    "state": "Karnataka",
                    "country": "India",
                    "area_code": "560102"
                },
                "email": "user@example.com",
                "phone": "+919876543210",
                "created_at": "2021-06-15T07:08:36.211Z",
                "updated_at": "2021-06-15T07:08:36.211Z"
            },
            "fulfillment": {
                "type": "home-delivery",
                "tracking": false,
                "start": {
                    "location": {
                        "gps": "12.9349377,77.6055586"
                    },
                    "time": {
                        "range": {
                            "start": "2021-06-15T07:09:30.000Z",
                            "end": "2021-06-15T07:10:30.000Z"
                        }
                    },
                    "instructions": {
                        "name": "pick up instructions",
                        "short_desc": "Don't ring door bell"
                    },
                    "contact": {
                        "phone": "+919999999999",
                        "email": "customer@cust.com"
                    }
                },
                "end": {
                    "location": {
                        "gps": "12.914028, 77.638698",
                        "address": {
                            "door": "21A",
                            "name": "ABC Apartments",
                            "locality": "HSR Layout",
                            "city": "Bengaluru",
                            "state": "Karnataka",
                            "country": "India",
                            "area_code": "560102"
                        }
                    },
                    "time": {
                        "range": {
                            "start": "2021-06-15T07:11:36.212Z",
                            "end": "2021-06-15T07:12:36.212Z"
                        }
                    },
                    "instructions": {
                        "name": "drop off instructions",
                        "short_desc": "Leave at door step"
                    },
                    "contact": {
                        "phone": "+919876543210",
                        "email": "user@example.com"
                    }
                }
            },
            "quote": {
                "price": {
                    "currency": "INR",
                    "value": "40"
                },
                "breakup": [
                    {
                        "title": "Standard Delivery",
                        "price": {
                            "currency": "INR",
                            "value": "40"
                        }
                    }
                ],
                "ttl": "P4D"
            },
            "payment": {
                "params": {
                    "transaction_status": "not initiated",
                    "amount": "40",
                    "currency": "INR",
                    "vpa": "user@bank",
                    "transaction_type": "UPI"
                },
                "type": "POST-FULFILLMENT",
                "status": "NOT-PAID"
            }
        }
    }
}