{
    "context": {
        "domain": "nic2021:52110",
        "country": "IND",
        "city": "std:8080",
        "action": "on_init",
        "core_version": "0.9.3",
        "bap_id": "box.beckn.org",
        "bap_uri": "https://qa.api.box.beckn.org/bap/protocol/v1",
        "transaction_id": "bcbf3463-94ff-4993-8995-c40f0c5501c2",
        "message_id": "1b0dacb5-57f9-46a3-a583-a937e46b39f6",
        "timestamp": "2021-12-16T14:57:23Z",
        "bpp_id": "bpp1.beckn.org",
        "bpp_uri": "https://bpp1.beckn.org/rest/V1/beckn/"
    },
    "message": {
        "order": {
            "provider": {
                "id": "453678",
                "descriptor": {
                    "name": "Grocery Retail",
                    "short_desc": "Grocery Retail Product.",
                    "images": [
                        "https://bpp1.beckn.org/pub/media/beckn/provider/logo/default/shoes_men.jpg"
                    ]
                },
                "locations": [
                    {
                        "id": "el",
                        "gps": "12.891704, 77.576873",
                        "address": {
                            "door": "12",
                            "name": "Address Name",
                            "building": "West side",
                            "street": "lsts 354537",
                            "locality": "",
                            "state": "Bangalore",
                            "country": "IND",
                            "area_code": "160002"
                        }
                    }
                ]
            },
            "provider_location": {
                "id": "el"
            },
            "items": [
                {
                    "id": "G-0007",
                    "price": {
                        "currency": "INR",
                        "value": 72
                    },
                    "quantity": {
                        "count": 1
                    }
                },
                {
                    "id": "G-0007-1",
                    "price": {
                        "currency": "INR",
                        "value": 100
                    },
                    "quantity": {
                        "count": 2
                    }
                }
            ],
            "billing": {
                "name": "Nirmal",
                "phone": "9876543210",
                "address": {
                    "door": "Landmark",
                    "building": "Test Building",
                    "street": "Test Address",
                    "city": "Bengaluru",
                    "state": "Karnataka",
                    "country": "IND",
                    "area_code": "560078"
                },
                "email": "customer@mail.com"
            },
            "fulfillment": {
                "type": "store-pickup",
                "tracking": false,
                "start": {
                    "location": {
                        "id": "el",
                        "descriptor": {
                            "name": "Grocery Retail",
                            "short_desc": "Grocery Retail Product.",
                            "images": [
                                "https://bpp1.beckn.org/pub/media/beckn/provider/logo/default/shoes_men.jpg"
                            ]
                        },
                        "gps": "12.891704, 77.576873"
                    },
                    "contact": {
                        "phone": "supportbpp1@nomail.com",
                        "email": "+919999999999"
                    }
                },
                "end": {
                    "location": {
                        "gps": "12.9063433,77.5856825",
                        "address": {
                            "door": "Landmark",
                            "building": "Test Building",
                            "street": "Test Address",
                            "city": "Bengaluru",
                            "state": "Karnataka",
                            "country": "IND",
                            "area_code": "560078"
                        }
                    },
                    "contact": {
                        "phone": "9876543210",
                        "email": "customer@mail.com"
                    }
                }
            },
            "quote": {
                "price": {
                    "currency": "INR",
                    "value": 287
                },
                "breakup": [
                    {
                        "title": "G Fresh Raw Banana",
                        "price": {
                            "currency": "INR",
                            "value": 72
                        }
                    },
                    {
                        "title": "G Fresh Ripe Banana",
                        "price": {
                            "currency": "INR",
                            "value": 200
                        }
                    },
                    {
                        "title": "Shipping Charges",
                        "price": {
                            "currency": "INR",
                            "value": 15
                        }
                    }
                ]
            },
            "payment": {
                "params": {
                    "transaction_status": "not initiated",
                    "amount": "287",
                    "currency": "INR",
                    "vpa": "user@bank",
                    "transaction_type": "UPI"
                },
                "type": "ON-ORDER",
                "status": "NOT-PAID"
            }
        }
    }
}